-- phpMyAdmin SQL Dump
-- version 4.5.1
-- http://www.phpmyadmin.net
--
-- Host: 127.0.0.1
-- Generation Time: Dec 15, 2016 at 11:29 PM
-- Server version: 10.1.16-MariaDB
-- PHP Version: 7.0.9

SET SQL_MODE = "NO_AUTO_VALUE_ON_ZERO";
SET time_zone = "+00:00";


/*!40101 SET @OLD_CHARACTER_SET_CLIENT=@@CHARACTER_SET_CLIENT */;
/*!40101 SET @OLD_CHARACTER_SET_RESULTS=@@CHARACTER_SET_RESULTS */;
/*!40101 SET @OLD_COLLATION_CONNECTION=@@COLLATION_CONNECTION */;
/*!40101 SET NAMES utf8mb4 */;

--
-- Database: `rent_a_vehicle`
--
CREATE DATABASE IF NOT EXISTS `rent_a_vehicle` DEFAULT CHARACTER SET latin1 COLLATE latin1_swedish_ci;
USE `rent_a_vehicle`;

-- --------------------------------------------------------

--
-- Table structure for table `municipality`
--

CREATE TABLE `municipality` (
  `id` int(11) NOT NULL,
  `province_id` int(11) NOT NULL,
  `name` varchar(150) NOT NULL
) ENGINE=InnoDB DEFAULT CHARSET=latin1;

--
-- Dumping data for table `municipality`
--

INSERT INTO `municipality` (`id`, `province_id`, `name`) VALUES
(1, 1, 'Bangued'),
(2, 1, 'Boliney'),
(3, 1, 'Bucay'),
(4, 1, 'Bucloc'),
(5, 1, 'Daguioman'),
(6, 1, 'Danglas'),
(7, 1, 'Dolores'),
(8, 1, 'La Paz'),
(9, 1, 'Lacub'),
(10, 1, 'Lagangilang'),
(11, 1, 'Lagayan'),
(12, 1, 'Langiden'),
(13, 1, 'Licuan-Baay (Licuan)'),
(14, 1, 'Luba'),
(15, 1, 'Malibcong'),
(16, 1, 'Manabo'),
(17, 1, 'Peñarrubia'),
(18, 1, 'Pidigan'),
(19, 1, 'Pilar'),
(20, 1, 'Sallapadan'),
(21, 1, 'San Isidro'),
(22, 1, 'San Juan'),
(23, 1, 'San Quintin'),
(24, 1, 'Tayum'),
(25, 1, 'Tineg'),
(26, 1, 'Tubo'),
(27, 1, 'Villaviciosa'),
(28, 2, 'Buenavista'),
(29, 2, 'Butuan'),
(30, 2, 'Cabadbaran'),
(31, 2, 'Carmen'),
(32, 2, 'Jabonga'),
(33, 2, 'Kitcharao'),
(34, 2, 'Las Nieves'),
(35, 2, 'Magallanes'),
(36, 2, 'Nasipit'),
(37, 2, 'Remedios T. Romualdez'),
(38, 2, 'Santiago'),
(39, 2, 'Tubay'),
(40, 3, 'Bayugan'),
(41, 3, 'Bunawan'),
(42, 3, 'Esperanza'),
(43, 3, 'La Paz'),
(44, 3, 'Loreto'),
(45, 3, 'Prosperidad'),
(46, 3, 'Rosario'),
(47, 3, 'San Francisco'),
(48, 3, 'San Luis'),
(49, 3, 'Santa Josefa'),
(50, 3, 'Sibagat'),
(51, 3, 'Talacogon'),
(52, 3, 'Trento'),
(53, 3, 'Veruela'),
(54, 4, 'Altavas'),
(55, 4, 'Balete'),
(56, 4, 'Banga'),
(57, 4, 'Batan'),
(58, 4, 'Buruanga'),
(59, 4, 'Ibajay'),
(60, 4, 'Kalibo'),
(61, 4, 'Lezo'),
(62, 4, 'Libacao'),
(63, 4, 'Madalag'),
(64, 4, 'Makato'),
(65, 4, 'Malay'),
(66, 4, 'Malinao'),
(67, 4, 'Nabas'),
(68, 4, 'New Washington'),
(69, 4, 'Numancia'),
(70, 4, 'Tangalan'),
(71, 5, 'Bacacay'),
(72, 5, 'Camalig'),
(73, 5, 'Daraga (Locsin)'),
(74, 5, 'Guinobatan'),
(75, 5, 'Jovellar'),
(76, 5, 'Legazpi'),
(77, 5, 'Libon'),
(78, 5, 'Ligao'),
(79, 5, 'Malilipot'),
(80, 5, 'Malinao'),
(81, 5, 'Manito'),
(82, 5, 'Oas'),
(83, 5, 'Pio Duran'),
(84, 5, 'Polangui'),
(85, 5, 'Rapu-Rapu'),
(86, 5, 'Santo Domingo'),
(87, 5, 'Tabaco'),
(88, 5, 'Tiwi'),
(89, 6, 'Anini-y'),
(90, 6, 'Barbaza'),
(91, 6, 'Belison'),
(92, 6, 'Bugasong'),
(93, 6, 'Caluya'),
(94, 6, 'Culasi'),
(95, 6, 'Hamtic'),
(96, 6, 'Laua-an'),
(97, 6, 'Libertad'),
(98, 6, 'Pandan'),
(99, 6, 'Patnongon'),
(100, 6, 'San Jose de Buenavista'),
(101, 6, 'San Remigio'),
(102, 6, 'Sebaste'),
(103, 6, 'Sibalom'),
(104, 6, 'Tibiao'),
(105, 6, 'Tobias Fornier'),
(106, 6, 'Valderrama'),
(107, 7, 'Calanasan'),
(108, 7, 'Conner'),
(109, 7, 'Flora'),
(110, 7, 'Kabugao'),
(111, 7, 'Luna'),
(112, 7, 'Pudtol'),
(113, 7, 'Santa Marcela'),
(114, 8, 'Baler'),
(115, 8, 'Casiguran'),
(116, 8, 'Dilasag'),
(117, 8, 'Dinalungan'),
(118, 8, 'Dingalan'),
(119, 8, 'Dipaculao'),
(120, 8, 'Maria Aurora'),
(121, 8, 'San Luis'),
(122, 9, 'Akbar'),
(123, 9, 'Al-Barka'),
(124, 9, 'Hadji Mohammad Ajul'),
(125, 9, 'Hadji Muhtamad'),
(126, 9, 'Isabela City'),
(127, 9, 'Lamitan'),
(128, 9, 'Lantawan'),
(129, 9, 'Maluso'),
(130, 9, 'Sumisip'),
(131, 9, 'Tabuan-Lasa'),
(132, 9, 'Tipo-Tipo'),
(133, 9, 'Tuburan'),
(134, 9, 'Ungkaya Pukan'),
(135, 10, 'Abucay'),
(136, 10, 'Bagac'),
(137, 10, 'Balanga'),
(138, 10, 'Dinalupihan'),
(139, 10, 'Hermosa'),
(140, 10, 'Limay'),
(141, 10, 'Mariveles'),
(142, 10, 'Morong'),
(143, 10, 'Orani'),
(144, 10, 'Orion'),
(145, 10, 'Pilar'),
(146, 10, 'Samal'),
(147, 11, 'Basco'),
(148, 11, 'Itbayat'),
(149, 11, 'Ivana'),
(150, 11, 'Mahatao'),
(151, 11, 'Sabtang'),
(152, 11, 'Uyugan'),
(153, 12, 'Agoncillo'),
(154, 12, 'Alitagtag'),
(155, 12, 'Balayan'),
(156, 12, 'Balete'),
(157, 12, 'Batangas City'),
(158, 12, 'Bauan'),
(159, 12, 'Calaca'),
(160, 12, 'Calatagan'),
(161, 12, 'Cuenca'),
(162, 12, 'Ibaan'),
(163, 12, 'Laurel'),
(164, 12, 'Lemery'),
(165, 12, 'Lian'),
(166, 12, 'Lipa'),
(167, 12, 'Lobo'),
(168, 12, 'Mabini'),
(169, 12, 'Malvar'),
(170, 12, 'Mataasnakahoy'),
(171, 12, 'Nasugbu'),
(172, 12, 'Padre Garcia'),
(173, 12, 'Rosario'),
(174, 12, 'San Jose'),
(175, 12, 'San Juan'),
(176, 12, 'San Luis'),
(177, 12, 'San Nicolas'),
(178, 12, 'San Pascual'),
(179, 12, 'Santa Teresita'),
(180, 12, 'Santo Tomas'),
(181, 12, 'Taal'),
(182, 12, 'Talisay'),
(183, 12, 'Tanauan'),
(184, 12, 'Taysan'),
(185, 12, 'Tingloy'),
(186, 12, 'Tuy'),
(187, 13, 'Atok'),
(188, 13, 'Baguio'),
(189, 13, 'Bakun'),
(190, 13, 'Bokod'),
(191, 13, 'Buguias'),
(192, 13, 'Itogon'),
(193, 13, 'Kabayan'),
(194, 13, 'Kapangan'),
(195, 13, 'Kibungan'),
(196, 13, 'La Trinidad'),
(197, 13, 'Mankayan'),
(198, 13, 'Sablan'),
(199, 13, 'Tuba'),
(200, 13, 'Tublay'),
(201, 14, 'Almeria'),
(202, 14, 'Biliran'),
(203, 14, 'Cabucgayan'),
(204, 14, 'Caibiran'),
(205, 14, 'Culaba'),
(206, 14, 'Kawayan'),
(207, 14, 'Maripipi'),
(208, 14, 'Naval'),
(209, 15, 'Alburquerque'),
(210, 15, 'Alicia'),
(211, 15, 'Anda'),
(212, 15, 'Antequera'),
(213, 15, 'Baclayon'),
(214, 15, 'Balilihan'),
(215, 15, 'Batuan'),
(216, 15, 'Bien Unido'),
(217, 15, 'Bilar'),
(218, 15, 'Buenavista'),
(219, 15, 'Calape'),
(220, 15, 'Candijay'),
(221, 15, 'Carmen'),
(222, 15, 'Catigbian'),
(223, 15, 'Clarin'),
(224, 15, 'Corella'),
(225, 15, 'Cortes'),
(226, 15, 'Dagohoy'),
(227, 15, 'Danao'),
(228, 15, 'Dauis'),
(229, 15, 'Dimiao'),
(230, 15, 'Duero'),
(231, 15, 'Garcia Hernandez'),
(232, 15, 'Getafe'),
(233, 15, 'Guindulman'),
(234, 15, 'Inabanga'),
(235, 15, 'Jagna'),
(236, 15, 'Lila'),
(237, 15, 'Loay'),
(238, 15, 'Loboc'),
(239, 15, 'Loon'),
(240, 15, 'Mabini'),
(241, 15, 'Maribojoc'),
(242, 15, 'Panglao'),
(243, 15, 'Pilar'),
(244, 15, 'President Carlos P. Garcia'),
(245, 15, 'Sagbayan'),
(246, 15, 'San Isidro'),
(247, 15, 'San Miguel'),
(248, 15, 'Sevilla'),
(249, 15, 'Sierra Bullones'),
(250, 15, 'Sikatuna'),
(251, 15, 'Tagbilaran'),
(252, 15, 'Talibon'),
(253, 15, 'Trinidad'),
(254, 15, 'Tubigon'),
(255, 15, 'Ubay'),
(256, 15, 'Valencia'),
(257, 16, 'Baungon'),
(258, 16, 'Cabanglasan'),
(259, 16, 'Damulog'),
(260, 16, 'Dangcagan'),
(261, 16, 'Don Carlos'),
(262, 16, 'Impasugong'),
(263, 16, 'Kadingilan'),
(264, 16, 'Kalilangan'),
(265, 16, 'Kibawe'),
(266, 16, 'Kitaotao'),
(267, 16, 'Lantapan'),
(268, 16, 'Libona'),
(269, 16, 'Malaybalay'),
(270, 16, 'Malitbog'),
(271, 16, 'Manolo Fortich'),
(272, 16, 'Maramag'),
(273, 16, 'Pangantucan'),
(274, 16, 'Quezon'),
(275, 16, 'San Fernando'),
(276, 16, 'Sumilao'),
(277, 16, 'Talakag'),
(278, 16, 'Valencia'),
(405, 17, 'Angat'),
(406, 17, 'Balagtas (Bigaa)'),
(407, 17, 'Baliuag'),
(408, 17, 'Bocaue'),
(409, 17, 'Bulakan'),
(410, 17, 'Bustos'),
(411, 17, 'Calumpit'),
(412, 17, 'Doña Remedios Trinidad'),
(413, 17, 'Guiguinto'),
(414, 17, 'Hagonoy'),
(415, 17, 'Malolos'),
(416, 17, 'Marilao'),
(417, 17, 'Meycauayan'),
(418, 17, 'Norzagaray'),
(419, 17, 'Obando'),
(420, 17, 'Pandi'),
(421, 17, 'Paombong'),
(422, 17, 'Plaridel'),
(423, 17, 'Pulilan'),
(424, 17, 'San Ildefonso'),
(425, 17, 'San Jose del Monte'),
(426, 17, 'San Miguel'),
(427, 17, 'San Rafael'),
(428, 17, 'Santa Maria'),
(429, 18, 'Abulug'),
(430, 18, 'Alcala'),
(431, 18, 'Allacapan'),
(432, 18, 'Amulung'),
(433, 18, 'Aparri'),
(434, 18, 'Baggao'),
(435, 18, 'Ballesteros'),
(436, 18, 'Buguey'),
(437, 18, 'Calayan'),
(438, 18, 'Camalaniugan'),
(439, 18, 'Claveria'),
(440, 18, 'Enrile'),
(441, 18, 'Gattaran'),
(442, 18, 'Gonzaga'),
(443, 18, 'Iguig'),
(444, 18, 'Lal-lo'),
(445, 18, 'Lasam'),
(446, 18, 'Pamplona'),
(447, 18, 'Peñablanca'),
(448, 18, 'Piat'),
(449, 18, 'Rizal'),
(450, 18, 'Sanchez-Mira'),
(451, 18, 'Santa Ana'),
(452, 18, 'Santa Praxedes'),
(453, 18, 'Santa Teresita'),
(454, 18, 'Santo Niño (Faire)'),
(455, 18, 'Solana'),
(456, 18, 'Tuao'),
(457, 18, 'Tuguegarao'),
(458, 19, 'Basud'),
(459, 19, 'Capalonga'),
(460, 19, 'Daet'),
(461, 19, 'Jose Panganiban'),
(462, 19, 'Labo'),
(463, 19, 'Mercedes'),
(464, 19, 'Paracale'),
(465, 19, 'San Lorenzo Ruiz'),
(466, 19, 'San Vicente'),
(467, 19, 'Santa Elena'),
(468, 19, 'Talisay'),
(469, 19, 'Vinzons'),
(470, 20, 'Baao'),
(471, 20, 'Balatan'),
(472, 20, 'Bato'),
(473, 20, 'Bombon'),
(474, 20, 'Buhi'),
(475, 20, 'Bula'),
(476, 20, 'Cabusao'),
(477, 20, 'Calabanga'),
(478, 20, 'Camaligan'),
(479, 20, 'Canaman'),
(480, 20, 'Caramoan'),
(481, 20, 'Del Gallego'),
(482, 20, 'Gainza'),
(483, 20, 'Garchitorena'),
(484, 20, 'Goa'),
(485, 20, 'Iriga'),
(486, 20, 'Lagonoy'),
(487, 20, 'Libmanan'),
(488, 20, 'Lupi'),
(489, 20, 'Magarao'),
(490, 20, 'Milaor'),
(491, 20, 'Minalabac'),
(492, 20, 'Nabua'),
(493, 20, 'Naga'),
(494, 20, 'Ocampo'),
(495, 20, 'Pamplona'),
(496, 20, 'Pasacao'),
(497, 20, 'Pili'),
(498, 20, 'Presentacion'),
(499, 20, 'Ragay'),
(500, 20, 'Sagñay'),
(501, 20, 'San Fernando'),
(502, 20, 'San Jose'),
(503, 20, 'Sipocot'),
(504, 20, 'Siruma'),
(505, 20, 'Tigaon'),
(506, 20, 'Tinambac'),
(507, 21, 'Catarman'),
(508, 21, 'Guinsiliban'),
(509, 21, 'Mahinog'),
(510, 21, 'Mambajao'),
(511, 21, 'Sagay'),
(512, 22, 'Cuartero'),
(513, 22, 'Dao'),
(514, 22, 'Dumalag'),
(515, 22, 'Dumarao'),
(516, 22, 'Ivisan'),
(517, 22, 'Jamindan'),
(518, 22, 'Maayon'),
(519, 22, 'Mambusao'),
(520, 22, 'Panay'),
(521, 22, 'Panitan'),
(522, 22, 'Pilar'),
(523, 22, 'Pontevedra'),
(524, 22, 'President Roxas'),
(525, 22, 'Roxas City'),
(526, 22, 'Sapian'),
(527, 22, 'Sigma'),
(528, 22, 'Tapaz'),
(529, 23, 'Bagamanoc'),
(530, 23, 'Baras'),
(531, 23, 'Bato'),
(532, 23, 'Caramoran'),
(533, 23, 'Gigmoto'),
(534, 23, 'Pandan'),
(535, 23, 'Panganiban'),
(536, 23, 'San Andres'),
(537, 23, 'San Miguel'),
(538, 23, 'Viga'),
(539, 23, 'Virac'),
(540, 24, 'Alfonso'),
(541, 24, 'Amadeo'),
(542, 24, 'Bacoor'),
(543, 24, 'Carmona'),
(544, 24, 'Cavite City'),
(545, 24, 'Dasmariñas'),
(546, 24, 'General Emilio Aguinaldo'),
(547, 24, 'General Mariano Alvarez'),
(548, 24, 'General Trias'),
(549, 24, 'Imus'),
(550, 24, 'Indang'),
(551, 24, 'Kawit'),
(552, 24, 'Magallanes'),
(553, 24, 'Maragondon'),
(554, 24, 'Mendez (Mendez-Nuñez)'),
(555, 24, 'Naic'),
(556, 24, 'Noveleta'),
(557, 24, 'Rosario'),
(558, 24, 'Silang'),
(559, 24, 'Tagaytay'),
(560, 24, 'Tanza'),
(561, 24, 'Ternate'),
(562, 24, 'Trece Martires'),
(563, 25, 'Alcantara'),
(564, 25, 'Alcoy'),
(565, 25, 'Alegria'),
(566, 25, 'Aloguinsan'),
(567, 25, 'Argao'),
(568, 25, 'Asturias'),
(569, 25, 'Badian'),
(570, 25, 'Balamban'),
(571, 25, 'Bantayan'),
(572, 25, 'Barili'),
(573, 25, 'Bogo'),
(574, 25, 'Boljoon'),
(575, 25, 'Borbon'),
(576, 25, 'Carcar'),
(577, 25, 'Carmen'),
(578, 25, ' 	Catmon'),
(579, 25, 'Cebu City'),
(580, 25, 'Compostela'),
(581, 25, 'Consolacion'),
(582, 25, 'Cordova'),
(583, 25, 'Daanbantayan'),
(584, 25, 'Dalaguete'),
(585, 25, 'Danao'),
(586, 25, 'Dumanjug'),
(587, 25, 'Ginatilan'),
(588, 25, 'Lapu-Lapu'),
(589, 25, 'Liloan'),
(590, 25, 'Madridejos'),
(591, 25, 'Malabuyoc'),
(592, 25, 'Mandaue'),
(593, 25, 'Medellin'),
(594, 25, 'Minglanilla'),
(595, 25, 'Moalboal'),
(596, 25, 'Naga'),
(597, 25, 'Oslob'),
(598, 25, 'Pilar'),
(599, 25, 'Pinamungajan'),
(600, 25, 'Poro'),
(601, 25, 'Ronda'),
(602, 25, 'Samboan'),
(603, 25, 'San Fernando'),
(604, 25, 'San Francisco'),
(605, 25, 'San Remigio'),
(606, 25, 'Santa Fe'),
(607, 25, 'Santander '),
(608, 25, 'Sibonga'),
(609, 25, 'Sogod'),
(610, 25, 'Tabogon'),
(611, 25, 'Tabuelan'),
(612, 25, 'Talisay'),
(613, 25, 'Toledo'),
(614, 25, 'Tuburan'),
(615, 25, 'Tudela'),
(616, 26, 'Compostela'),
(617, 26, 'Laak (San Vicente)'),
(618, 26, 'Mabini (Doña Alicia)'),
(619, 26, 'Maco'),
(620, 26, 'Maragusan (San Mariano)'),
(621, 26, 'Mawab'),
(622, 26, 'Monkayo'),
(623, 26, 'Montevista'),
(624, 26, 'Nabunturan'),
(625, 26, 'New Bataan'),
(626, 26, 'Pantukan'),
(627, 27, 'Alamada'),
(628, 27, 'Aleosan'),
(629, 27, 'Antipas'),
(630, 27, 'Arakan'),
(631, 27, 'Banisilan'),
(632, 27, 'Carmen'),
(633, 27, 'Kabacan'),
(634, 27, 'Kidapawan'),
(635, 27, 'Libungan'),
(636, 27, 'M''lang'),
(637, 27, 'Magpet'),
(638, 27, 'Makilala'),
(639, 27, 'Matalam'),
(640, 27, 'Midsayap'),
(641, 27, 'Pigcawayan'),
(642, 27, 'Pikit'),
(643, 27, 'President Roxas'),
(644, 27, 'Tulunan'),
(645, 28, 'Asuncion'),
(646, 28, 'Braulio E. Dujali'),
(647, 28, 'Carmen'),
(648, 28, 'Kapalong'),
(649, 28, 'New Corella'),
(650, 28, 'Panabo'),
(651, 28, 'Samal'),
(652, 28, 'San Isidro'),
(653, 28, 'Santo Tomas'),
(654, 28, 'Tagum'),
(655, 28, 'Talaingod'),
(656, 29, 'Bansalan'),
(657, 29, 'Davao City'),
(658, 29, 'Digos'),
(659, 29, 'Hagonoy'),
(660, 29, 'Kiblawan'),
(661, 29, 'Magsaysay'),
(662, 29, 'Malalag'),
(663, 29, 'Matanao'),
(664, 29, 'Padada'),
(665, 29, 'Santa Cruz'),
(666, 29, 'Sulop'),
(667, 30, 'Don Marcelino'),
(668, 30, 'Jose Abad Santos'),
(669, 30, 'Malita'),
(670, 30, 'Santa Maria'),
(671, 30, 'Sarangani'),
(672, 31, 'Baganga'),
(673, 31, 'Banaybanay'),
(674, 31, 'Boston'),
(675, 31, 'Caraga'),
(676, 31, 'Cateel'),
(677, 31, 'Governor Generoso'),
(678, 31, 'Lupon'),
(679, 31, 'Manay'),
(680, 31, 'Mati'),
(681, 31, 'San Isidro'),
(682, 31, 'Tarragona'),
(683, 32, 'Basilisa'),
(684, 32, 'Cagdianao'),
(685, 32, 'Dinagat'),
(686, 32, 'Libjo'),
(687, 32, 'Loreto'),
(688, 32, 'San Jose'),
(689, 32, 'Tubajon'),
(690, 33, 'Arteche'),
(691, 33, 'Balangiga'),
(692, 33, 'Balangkayan'),
(693, 33, 'Borongan'),
(694, 33, 'Can-avid'),
(695, 33, 'Dolores'),
(696, 33, 'General MacArthur'),
(697, 33, 'Giporlos'),
(698, 33, 'Guiuan'),
(699, 33, 'Hernani'),
(700, 33, 'Jipapad'),
(701, 33, 'Lawaan'),
(702, 33, 'Llorente'),
(703, 33, 'Maslog'),
(704, 33, 'Maydolong'),
(705, 33, 'Mercedes'),
(706, 33, 'Oras'),
(707, 33, 'Quinapondan'),
(708, 33, 'Salcedo'),
(709, 33, 'San Julian'),
(710, 33, 'San Policarpo'),
(711, 33, 'Sulat'),
(712, 33, 'Taft'),
(713, 34, 'Buenavista'),
(714, 34, 'Jordan'),
(715, 34, 'Nueva Valencia'),
(716, 34, 'San Lorenzo'),
(717, 34, 'Sibunag'),
(718, 35, 'Aguinaldo'),
(719, 35, 'Alfonso Lista'),
(720, 35, 'Asipulo'),
(721, 35, 'Banaue'),
(722, 35, 'Hingyon'),
(723, 35, 'Hungduan'),
(724, 35, 'Kiangan'),
(725, 35, 'Lagawe'),
(726, 35, 'Lamut'),
(727, 35, 'Mayoyao'),
(728, 35, 'Tinoc');

-- --------------------------------------------------------

--
-- Table structure for table `province`
--

CREATE TABLE `province` (
  `id` int(11) NOT NULL,
  `name` varchar(150) NOT NULL
) ENGINE=InnoDB DEFAULT CHARSET=latin1;

--
-- Dumping data for table `province`
--

INSERT INTO `province` (`id`, `name`) VALUES
(1, 'Abra'),
(2, 'Agusan del Norte'),
(3, 'Agusan del Sur'),
(4, 'Aklan'),
(5, 'Albay'),
(6, 'Antique'),
(7, 'Apayao'),
(8, 'Aurora'),
(9, 'Basilan'),
(10, 'Bataan'),
(11, 'Batanes'),
(12, 'Batangas'),
(13, 'Benguet'),
(14, 'Biliran'),
(15, 'Bohol'),
(16, 'Bukidnon'),
(17, 'Bulacan'),
(18, 'Cagayan'),
(19, 'Camarines Norte'),
(20, 'Camarines Sur'),
(21, 'Camiguin'),
(22, 'Capiz'),
(23, 'Catanduanes'),
(24, 'Cavite'),
(25, 'Cebu'),
(26, 'Compostela Valley'),
(27, 'Cotabato'),
(28, 'Davao del Norte'),
(29, ' 	Davao del Sur'),
(30, 'Davao Occidental'),
(31, 'Davao Oriental'),
(32, 'Dinagat Islands'),
(33, 'Eastern Samar'),
(34, 'Guimaras'),
(35, 'Ifugao'),
(36, 'Ilocos Norte'),
(37, 'Ilocos Sur'),
(38, 'Iloilo'),
(39, 'Isabela'),
(40, 'Kalinga'),
(41, 'La Union'),
(42, 'Laguna'),
(43, 'Lanao del Norte'),
(44, 'Lanao del Sur'),
(45, 'Leyte'),
(46, 'Maguindanao'),
(47, 'Marinduque'),
(48, 'Masbate'),
(49, 'Metro Manila'),
(50, 'Misamis Occidental'),
(51, ' 	Misamis Oriental'),
(52, 'Mountain Province'),
(53, 'Negros Occidental'),
(54, 'Negros Oriental'),
(55, 'Northern Samar'),
(56, 'Nueva Ecija'),
(57, 'Nueva Vizcaya'),
(58, 'Occidental Mindoro'),
(59, 'Oriental Mindoro'),
(60, 'Palawan'),
(61, 'Pampanga'),
(62, 'Pangasinan'),
(63, 'Quezon'),
(64, 'Quirino'),
(65, 'Rizal'),
(66, 'Romblon'),
(67, 'Samar'),
(68, 'Sarangani'),
(69, 'Siquijor'),
(70, 'Sorsogon'),
(71, 'South Cotabato'),
(72, 'Southern Leyte'),
(73, 'Sultan Kudarat'),
(74, 'Sulu'),
(75, 'Surigao del Norte'),
(76, 'Surigao del Sur'),
(77, 'Tarlac'),
(78, 'Tawi-Tawi'),
(79, 'Zambales'),
(80, 'Zamboanga del Norte'),
(81, 'Zamboanga del Sur'),
(82, 'Zamboanga Sibugay');

-- --------------------------------------------------------

--
-- Table structure for table `users`
--

CREATE TABLE `users` (
  `id` int(11) NOT NULL,
  `name` varchar(50) NOT NULL,
  `email` varchar(150) NOT NULL,
  `password` varchar(150) NOT NULL,
  `updated_at` datetime NOT NULL,
  `created_at` datetime NOT NULL,
  `remember_token` text NOT NULL,
  `status` int(11) NOT NULL DEFAULT '1' COMMENT '1 = active ; 0= inactive'
) ENGINE=InnoDB DEFAULT CHARSET=latin1;

--
-- Dumping data for table `users`
--

INSERT INTO `users` (`id`, `name`, `email`, `password`, `updated_at`, `created_at`, `remember_token`, `status`) VALUES
(1, 'alvin briones', 'alvinbriones232@gmail.com', '$2y$10$nhp2W/78NfoZwkEntwjTNue8yfdrWDaB.r5XcWffsvaDhvwP0UxVO', '2016-12-08 17:25:26', '2016-12-08 14:14:05', 'ifwT0B17DrUCficHvyrWZdEOZ4RZxd4LkEDUoZ0utuB7FCQCwbkE3TyqV7qZ', 1),
(2, 'alvin briones', 'alvin.briones@tatepublishing.net', '$2y$10$G.d6HjHTHs/TFmaJJtZmuOH6t2Qjhkraoh1YjovrJcI.6hjFuQxju', '2016-12-08 16:54:52', '2016-12-08 14:15:02', 'lmHdv0YHc7Eb0PpENOLI0VRo62umrVPVIezM9HVCJsqLIBxV9Hyx9ZLhik9t', 1);

--
-- Indexes for dumped tables
--

--
-- Indexes for table `municipality`
--
ALTER TABLE `municipality`
  ADD PRIMARY KEY (`id`);

--
-- Indexes for table `province`
--
ALTER TABLE `province`
  ADD PRIMARY KEY (`id`);

--
-- Indexes for table `users`
--
ALTER TABLE `users`
  ADD PRIMARY KEY (`id`);

--
-- AUTO_INCREMENT for dumped tables
--

--
-- AUTO_INCREMENT for table `municipality`
--
ALTER TABLE `municipality`
  MODIFY `id` int(11) NOT NULL AUTO_INCREMENT, AUTO_INCREMENT=729;
--
-- AUTO_INCREMENT for table `province`
--
ALTER TABLE `province`
  MODIFY `id` int(11) NOT NULL AUTO_INCREMENT, AUTO_INCREMENT=83;
--
-- AUTO_INCREMENT for table `users`
--
ALTER TABLE `users`
  MODIFY `id` int(11) NOT NULL AUTO_INCREMENT, AUTO_INCREMENT=3;
/*!40101 SET CHARACTER_SET_CLIENT=@OLD_CHARACTER_SET_CLIENT */;
/*!40101 SET CHARACTER_SET_RESULTS=@OLD_CHARACTER_SET_RESULTS */;
/*!40101 SET COLLATION_CONNECTION=@OLD_COLLATION_CONNECTION */;
